RECID,NUMBER,NAME,CREATEDDAT,CREATEDBY
7,001,DAVAO GULF,2022-09-30 09:39:17,1790
8,002,MTSC,2022-09-30 09:39:17,1790
9,003,PCL,2022-09-30 09:39:17,1790
10,004,FORTIS,2022-09-30 09:39:17,1790
11,005,PACIFIC ROSE,2022-09-30 09:39:17,1790
13,006,OCEANIC,2022-10-04 13:29:16.999000,2364
14,007,GENESIS,2023-01-09 13:14:07,2364
15,008,SEEN SAM SHIPPING INC.,2024-04-11 09:12:22.999000,2364
16,009,LEO MARINE SERVICES,2024-04-13 14:11:14,2364
17,010,CEBU MOORING GANG,2024-04-13 14:11:23,2364
18,011,MELCON MARINE,2024-04-13 14:11:34.999000,2364
19,012,NORTH HARBOR TUGS,2024-04-22 08:24:06,2364
20,013,"METRO CEBU HARBOR PILOTS CO. INC,",2024-09-18 14:26:32.999000,2364
21,014,AGUILAR MARITIME LINK SERVICES INC.,2025-03-31 14:24:50,9039
22,015,SURIGAO PILOT,2025-04-29 11:29:37.999000,9039
23,016,DABAW PILOTS,2025-06-24 08:46:55.999000,9039
24,017,TACLOBAN HARBOR PILOTS PARTNERSHIP (THHP) CO.,2025-07-12 11:20:53,9039
25,018,TRANSCOASTAL TUGS & SHIPPING SERVICES CO. INC.,2025-07-15 10:46:26,2610
26,019,VENUS MARINE SERVICES INC.,2025-07-25 15:39:45,2610
27,020,"ASSIST TOW MARINE, INC.",2025-08-04 17:23:33.999000,2265
28,021,SMC SHIPPING AND LIGHTERAGE CORPORATION,2025-09-18 09:03:02,2610
29,022,"HARBOR STAR SHIPPINIG SERVICES, INC.",2026-02-05 09:17:02,2610
30,023,"NAVFULL MARINE SERVICES, OPC",2026-03-25 15:15:21.999000,2610
